{
  "AAPL": {
    "AAPL": 1.0,
    "MSFT": -0.0044684138197234775,
    "SPY": 0.5118304819751044,
    "QQQ": 0.0023293763355657225,
    "TLT": -0.13209432873645235,
    "GLD": -0.03416949702823723
  },
  "MSFT": {
    "AAPL": -0.0044684138197234775,
    "MSFT": 1.0,
    "SPY": -0.043634619046579406,
    "QQQ": 0.86085668484821,
    "TLT": 0.05734344752756769,
    "GLD": -0.030445054869886353
  },
  "SPY": {
    "AAPL": 0.5118304819751044,
    "MSFT": -0.043634619046579406,
    "SPY": 1.0,
    "QQQ": -0.030027262302486497,
    "TLT": -0.22422101001755246,
    "GLD": -0.022280331151864563
  },
  "QQQ": {
    "AAPL": 0.0023293763355657225,
    "MSFT": 0.86085668484821,
    "SPY": -0.030027262302486497,
    "QQQ": 1.0,
    "TLT": 0.030848795911885114,
    "GLD": -0.016931705146141354
  },
  "TLT": {
    "AAPL": -0.13209432873645235,
    "MSFT": 0.05734344752756769,
    "SPY": -0.22422101001755246,
    "QQQ": 0.030848795911885114,
    "TLT": 1.0,
    "GLD": 0.16586300142872049
  },
  "GLD": {
    "AAPL": -0.03416949702823723,
    "MSFT": -0.030445054869886353,
    "SPY": -0.022280331151864563,
    "QQQ": -0.016931705146141354,
    "TLT": 0.16586300142872049,
    "GLD": 1.0
  }
}