{
  "AAPL": {
    "mean": 0.0010419936870216075,
    "median": 0.0008628127696290733,
    "std": 0.017936530916510623,
    "min": -0.12865160454741686,
    "max": 0.11972284885594564,
    "skewness": 0.0008330011326331163,
    "kurtosis": 5.302096609148615
  },
  "MSFT": {
    "mean": 0.0010204622766325684,
    "median": 0.0009078822671798603,
    "std": 0.017104151343239525,
    "min": -0.1473902915066425,
    "max": 0.14216884797928953,
    "skewness": 0.07967019021819005,
    "kurtosis": 7.7946172840760255
  },
  "SPY": {
    "mean": 0.0004783582645937504,
    "median": 0.0005698119717634231,
    "std": 0.011135482116742867,
    "min": -0.10942373384821036,
    "max": 0.09060327427674375,
    "skewness": -0.5548920534686603,
    "kurtosis": 12.59088534195762
  },
  "QQQ": {
    "mean": 0.0007322232746593163,
    "median": 0.0011633756995625966,
    "std": 0.013750255864057655,
    "min": -0.11979816895547235,
    "max": 0.0846922078654857,
    "skewness": -0.37754518004575044,
    "kurtosis": 6.2687460981746295
  },
  "TLT": {
    "mean": -0.00010332277129892563,
    "median": 0.0002949852507374562,
    "std": 0.009653822049954512,
    "min": -0.0666829357574279,
    "max": 0.07519557593741566,
    "skewness": 0.09718438094316433,
    "kurtosis": 4.512371613131579
  },
  "GLD": {
    "mean": 0.0003353792586070265,
    "median": 0.00039439952672037926,
    "std": 0.008849745682439345,
    "min": -0.05369445174861953,
    "max": 0.04912163849804352,
    "skewness": -0.10446868518488658,
    "kurtosis": 2.811747557705484
  }
}