{
  "AAPL": {
    "lower_bound": -0.03354939547872762,
    "upper_bound": 0.036191476669230366,
    "outlier_count": 139,
    "total_count": 2515,
    "outlier_ratio": 0.055268389662027836
  },
  "MSFT": {
    "lower_bound": -0.03166377757493585,
    "upper_bound": 0.03461017286033555,
    "outlier_count": 132,
    "total_count": 2516,
    "outlier_ratio": 0.05246422893481717
  },
  "SPY": {
    "lower_bound": -0.018321574806301144,
    "upper_bound": 0.020456960550092496,
    "outlier_count": 168,
    "total_count": 2520,
    "outlier_ratio": 0.06666666666666667
  },
  "QQQ": {
    "lower_bound": -0.02454621960291753,
    "upper_bound": 0.027261106603102603,
    "outlier_count": 169,
    "total_count": 2516,
    "outlier_ratio": 0.06717011128775835
  },
  "TLT": {
    "lower_bound": -0.022944192309877043,
    "upper_bound": 0.02256288823298086,
    "outlier_count": 60,
    "total_count": 2515,
    "outlier_ratio": 0.02385685884691849
  },
  "GLD": {
    "lower_bound": -0.018977678361197015,
    "upper_bound": 0.019442201967788897,
    "outlier_count": 97,
    "total_count": 2541,
    "outlier_ratio": 0.03817394726485636
  }
}